,per recipe,per recipe,per recipe,per recipe,per recipe,per recipe,per recipe,per recipe,per recipe,per recipe,per recipe,per recipe,per recipe,per recipe,per recipe,per recipe,per recipe,per recipe,per recipe,per recipe,per 100 g,per 100 g,per 100 g,per 100 g,per 100 g,per 100 g,per 100 g,per 100 g,per 100 g,per 100 g,per 100 g,per 100 g,per 100 g,per 100 g,per 100 g,per 100 g,per 100 g,per 100 g,per 100 g,per 100 g,iou,weighted_iou
,mase@1,mase@5,mase@10,mase@20,mae@1,mae@1,mae@1,mae@1,mae@5,mae@5,mae@5,mae@5,mae@10,mae@10,mae@10,mae@10,mae@20,mae@20,mae@20,mae@20,mase@1,mase@5,mase@10,mase@20,mae@1,mae@1,mae@1,mae@1,mae@5,mae@5,mae@5,mae@5,mae@10,mae@10,mae@10,mae@10,mae@20,mae@20,mae@20,mae@20,,
,,,,,energy,fat,carb,protein,energy,fat,carb,protein,energy,fat,carb,protein,energy,fat,carb,protein,,,,,energy,fat,carb,protein,energy,fat,carb,protein,energy,fat,carb,protein,energy,fat,carb,protein,,
0,0.9625639833139199,0.7922296947000534,0.767965835904874,0.7545722166702342,1392.4798045720672,85.84926292822128,161.7086979641904,56.46353115238807,1135.038792969767,70.01962781405838,134.63575469117015,46.921404390240696,1101.9010609597533,67.60216501017025,131.41815004842147,45.33392923525518,1083.801589990053,66.36104689571154,129.85125070815246,44.31824918790202,0.8064509739158618,0.6688988817426935,0.6409279080056629,0.631487014033373,80.07660141894299,7.062678303406523,10.007308402126815,3.122875139620455,65.10182187637068,5.8186736442390075,8.377132192275493,2.6433425222815576,62.450917724626564,5.590815266525924,8.003950440460557,2.527255107744269,61.625556067287434,5.486216366035235,7.953816751898132,2.4820965547850453,21.38256419397541,39.69497790621743
