,per recipe,per recipe,per recipe,per recipe,per recipe,per recipe,per recipe,per recipe,per recipe,per recipe,per recipe,per recipe,per recipe,per recipe,per recipe,per recipe,per recipe,per recipe,per recipe,per recipe,per 100 g,per 100 g,per 100 g,per 100 g,per 100 g,per 100 g,per 100 g,per 100 g,per 100 g,per 100 g,per 100 g,per 100 g,per 100 g,per 100 g,per 100 g,per 100 g,per 100 g,per 100 g,per 100 g,per 100 g,iou,weighted_iou
,mase@1,mase@5,mase@10,mase@20,mae@1,mae@1,mae@1,mae@1,mae@5,mae@5,mae@5,mae@5,mae@10,mae@10,mae@10,mae@10,mae@20,mae@20,mae@20,mae@20,mase@1,mase@5,mase@10,mase@20,mae@1,mae@1,mae@1,mae@1,mae@5,mae@5,mae@5,mae@5,mae@10,mae@10,mae@10,mae@10,mae@20,mae@20,mae@20,mae@20,,
,,,,,energy,fat,carb,protein,energy,fat,carb,protein,energy,fat,carb,protein,energy,fat,carb,protein,,,,,energy,fat,carb,protein,energy,fat,carb,protein,energy,fat,carb,protein,energy,fat,carb,protein,,
ht base,0.8673269130949247,0.7242350632599912,0.7066863805061153,0.696159372783524,1280.0187891641813,77.85988452875613,147.53070165564642,48.888518432958776,1055.8247944406908,65.50623657476407,121.54377838579921,41.5236079514881,1026.4214138370007,64.27499696964856,118.10690552647182,40.5735259350604,1007.8965298908113,62.70079360947422,117.98313888827553,40.04665925685568,0.682918887647324,0.5852036915532886,0.5741384717252679,0.5753885737962058,66.8110442807916,6.1820376513422275,8.398384309805678,2.5927499924787316,56.66056080101812,5.246015598678,7.234331034928598,2.2630271895057956,55.31343097019014,5.119827870932037,7.154105828103593,2.231721750141579,55.440434708099104,5.110436705960535,7.206827516134666,2.238455003054738,27.572317748016694,51.17428123105995
reranked_100 ht base,0.5946765255807658,0.6414468341347572,0.6566861686914034,0.6674396808432301,878.937078883271,54.01991687272833,100.29972374298448,33.27028507062045,933.9548224395371,57.85047189009471,108.09700099030354,36.80988051511386,953.6931260076503,59.774330559329854,109.41271057701023,37.77719575625673,965.9542243747765,60.102517443208846,113.16314581128788,38.403609212144616,0.47059890922423747,0.5181420050463259,0.5325642284421409,0.5513531773237796,46.092101153638104,4.330025727636598,5.680121750112667,1.7727490577859297,50.153616187829456,4.648576753354092,6.430162179938913,1.9962468520569134,51.15534947096053,4.762793967830182,6.626596259366271,2.0708680480472386,53.07507205620334,4.896619303716962,6.906970589282687,2.146740523851659,51.79327782205888,67.03960394890245
